{
  "header": {
    "TNF": 2,
    "IL": 0,
    "MB": 1,
    "ME": 1,
    "CF": 0,
    "SR": 0,
    "type": "application/x.ips.v1-0"
  },
  "payload": "{\"resourceType\": \"Bundle\", \"id\": \"8fb21606-7f7d-4f2f-a8b8-eb9633937530\", \"type\": \"collection\", \"timestamp\": \"2025-05-12T16:12:57.053352\", \"extension\": [{\"url\": \"http://example.org/fhir/StructureDefinition/nfc-tag-id\", \"valueString\": \"NFC-40f47cd9\"}], \"entry\": [{\"resource\": {\"resourceType\": \"Patient\", \"id\": \"7c82e38e-a862-418e-8f4b-7c1ca07d2fe3\", \"gender\": \"male\", \"extension\": [{\"url\": \"http://example.org/fhir/StructureDefinition/nationality\", \"valueString\": \"ESP\"}, {\"url\": \"http://terminology.hl7.org/CodeSystem/v3-ReligiousAffiliation\", \"valueCodeableConcept\": {\"coding\": [{\"system\": \"http://terminology.hl7.org/CodeSystem/v3-ReligiousAffiliation\", \"code\": \"1026\"}]}}], \"name\": [{\"family\": \"Moreno\", \"given\": [\"Pedro\"]}], \"birthDate\": \"2001-11-17\", \"identifier\": [{\"system\": \"http://example.org/identifier\", \"value\": \"61483951-L\"}]}}, {\"resource\": {\"resourceType\": \"Condition\", \"id\": \"3ef86e00-4d46-4be0-97ed-9cdd4d7572e6\", \"subject\": {\"reference\": \"Patient/7c82e38e-a862-418e-8f4b-7c1ca07d2fe3\"}, \"code\": {\"coding\": [{\"system\": \"http://snomed.info/sct\", \"code\": \"45170000\", \"display\": \"Psychological stress\"}]}, \"clinicalStatus\": {\"coding\": [{\"system\": \"http://terminology.hl7.org/CodeSystem/condition-clinical\", \"code\": \"active\", \"display\": \"Active\"}]}, \"verificationStatus\": {\"coding\": [{\"system\": \"http://terminology.hl7.org/CodeSystem/condition-ver-status\", \"code\": \"confirmed\", \"display\": \"Confirmed\"}]}, \"onsetDateTime\": \"2025-05-12T16:12:57.053252\", \"severity\": {\"coding\": [{\"system\": \"http://snomed.info/sct\", \"code\": \"371923003\", \"display\": \"Mild to moderate\"}]}}}, {\"resource\": {\"resourceType\": \"Procedure\", \"id\": \"205c25a0-bcf5-49ed-bd07-ba14ef542e30\", \"subject\": {\"reference\": \"Patient/7c82e38e-a862-418e-8f4b-7c1ca07d2fe3\"}, \"status\": \"completed\", \"code\": {\"coding\": [{\"system\": \"http://snomed.info/sct\", \"code\": \"225343006\", \"display\": \"Administration of medication\"}]}, \"performedDateTime\": \"2025-06-02T01:00:00\"}}, {\"resource\": {\"resourceType\": \"Observation\", \"id\": \"210be91f-19f6-432a-a4dd-3425a9fb3b5e\", \"status\": \"final\", \"subject\": {\"reference\": \"Patient/7c82e38e-a862-418e-8f4b-7c1ca07d2fe3\"}, \"code\": {\"coding\": [{\"system\": \"http://loinc.org\", \"code\": \"8310-5\", \"display\": \"Body temperature\"}]}, \"valueQuantity\": {\"value\": 36.4, \"unit\": \"Cel\", \"system\": \"http://unitsofmeasure.org\", \"code\": \"Cel\"}, \"effectiveDateTime\": \"2025-06-02T01:00:00\"}}, {\"resource\": {\"resourceType\": \"Observation\", \"id\": \"fa364ee6-6e90-451a-b761-92f70a5f3000\", \"status\": \"final\", \"subject\": {\"reference\": \"Patient/7c82e38e-a862-418e-8f4b-7c1ca07d2fe3\"}, \"code\": {\"coding\": [{\"system\": \"http://loinc.org\", \"code\": \"8867-4\", \"display\": \"Heart rate\"}]}, \"valueQuantity\": {\"value\": 93, \"unit\": \"/min\", \"system\": \"http://unitsofmeasure.org\", \"code\": \"/min\"}, \"effectiveDateTime\": \"2025-06-02T01:00:00\"}}, {\"resource\": {\"resourceType\": \"Observation\", \"id\": \"eb00f29e-8a56-4d36-b79e-5ea4b688cd82\", \"status\": \"final\", \"subject\": {\"reference\": \"Patient/7c82e38e-a862-418e-8f4b-7c1ca07d2fe3\"}, \"code\": {\"coding\": [{\"system\": \"http://loinc.org\", \"code\": \"8480-6\", \"display\": \"Systolic blood pressure\"}]}, \"valueQuantity\": {\"value\": 120, \"unit\": \"mm[Hg]\", \"system\": \"http://unitsofmeasure.org\", \"code\": \"mm[Hg]\"}, \"effectiveDateTime\": \"2025-06-02T01:00:00\"}}, {\"resource\": {\"resourceType\": \"Observation\", \"id\": \"67c9150c-c0d4-44cc-baf0-d9eac3aa0322\", \"status\": \"final\", \"subject\": {\"reference\": \"Patient/7c82e38e-a862-418e-8f4b-7c1ca07d2fe3\"}, \"code\": {\"coding\": [{\"system\": \"http://loinc.org\", \"code\": \"8462-4\", \"display\": \"Diastolic blood pressure\"}]}, \"valueQuantity\": {\"value\": 77, \"unit\": \"mm[Hg]\", \"system\": \"http://unitsofmeasure.org\", \"code\": \"mm[Hg]\"}, \"effectiveDateTime\": \"2025-06-02T01:00:00\"}}, {\"resource\": {\"resourceType\": \"Observation\", \"id\": \"9e36b2b0-bafa-402b-829b-d9dc5080d357\", \"status\": \"final\", \"subject\": {\"reference\": \"Patient/7c82e38e-a862-418e-8f4b-7c1ca07d2fe3\"}, \"code\": {\"coding\": [{\"system\": \"http://loinc.org\", \"code\": \"883-9\", \"display\": \"ABO group\"}]}, \"valueCodeableConcept\": {\"coding\": [{\"system\": \"http://snomed.info/sct\", \"code\": \"165743006\", \"display\": \"Blood group B\"}]}, \"effectiveDateTime\": \"2025-05-12T16:12:57.053329\"}}, {\"resource\": {\"resourceType\": \"Observation\", \"id\": \"fdb5c07a-4e11-4d4d-90ef-814df8716c8c\", \"status\": \"final\", \"subject\": {\"reference\": \"Patient/7c82e38e-a862-418e-8f4b-7c1ca07d2fe3\"}, \"code\": {\"coding\": [{\"system\": \"http://loinc.org\", \"code\": \"29463-7\", \"display\": \"Body weight\"}]}, \"valueQuantity\": {\"value\": 85.0, \"unit\": \"kg\", \"system\": \"http://unitsofmeasure.org\", \"code\": \"kg\"}, \"effectiveDateTime\": \"2025-05-12T16:12:57.053345\"}}]}"
}