[
{
  "id": 0,
  "nationality": "LTU",
  "gender": "male",
  "injury_type": "DISEASE",
  "triage": "T1",
  "status": "Role2",
  "front": "Poland",
  "demographics": {
    "family_name": "Luko\u0161evi\u010dius",
    "given_name": "Joris",
    "gender": "male",
    "birthdate": "1984-11-14",
    "nationality": "LTU",
    "religion": "1025",
    "weight": 72.9,
    "blood_type": "A"
  },
  "conditions": [
    {
      "code": "45170000",
      "name": "Psychological stress"
    }
  ],
  "severity": 8,
  "treatments": [
    {
      "facility": "POI",
      "date": "2025-06-01T05:04:40",
      "treatments": [],
      "observations": []
    },
    {
      "facility": "POI",
      "date": "2025-06-01T05:04:40",
      "treatments": [],
      "observations": [
        {
          "code": "8310-5",
          "display": "Body temperature",
          "value": 38.5,
          "unit": "Cel"
        },
        {
          "code": "8867-4",
          "display": "Heart rate",
          "value": 97,
          "unit": "/min"
        }
      ]
    },
    {
      "facility": "Role1",
      "date": "2025-06-01T14:52:40",
      "treatments": [
        {
          "code": "225343006",
          "display": "Medication admin"
        }
      ],
      "observations": [
        {
          "code": "8310-5",
          "display": "Body temperature",
          "value": 37.0,
          "unit": "Cel"
        },
        {
          "code": "8867-4",
          "display": "Heart rate",
          "value": 52,
          "unit": "/min"
        }
      ]
    },
    {
      "facility": "Role2",
      "date": "2025-06-02T04:04:40",
      "treatments": [
        {
          "code": "385968004",
          "display": "Fluid management"
        }
      ],
      "observations": [
        {
          "code": "8310-5",
          "display": "Body temperature",
          "value": 35.9,
          "unit": "Cel"
        },
        {
          "code": "8867-4",
          "display": "Heart rate",
          "value": 73,
          "unit": "/min"
        }
      ]
    }
  ],
  "timeline": [
    {
      "event_type": "arrival",
      "facility": "POI",
      "timestamp": "2025-06-01T05:04:40",
      "hours_since_injury": 0.0
    },
    {
      "event_type": "arrival",
      "facility": "POI",
      "timestamp": "2025-06-01T05:04:40",
      "hours_since_injury": 0.0
    },
    {
      "event_type": "evacuation_start",
      "facility": "POI",
      "timestamp": "2025-06-01T05:04:40",
      "hours_since_injury": 0.0,
      "evacuation_duration_hours": 6.4,
      "triage_category": "T2"
    },
    {
      "event_type": "transit_start",
      "facility": "POI",
      "timestamp": "2025-06-01T11:28:40",
      "hours_since_injury": 6.4,
      "from_facility": "POI",
      "to_facility": "Role1",
      "transit_duration_hours": 3.4,
      "triage_category": "T2"
    },
    {
      "event_type": "arrival",
      "facility": "Role1",
      "timestamp": "2025-06-01T14:52:40",
      "hours_since_injury": 9.8
    },
    {
      "event_type": "evacuation_start",
      "facility": "Role1",
      "timestamp": "2025-06-01T14:52:40",
      "hours_since_injury": 9.8,
      "evacuation_duration_hours": 8.9,
      "triage_category": "T2"
    },
    {
      "event_type": "transit_start",
      "facility": "Role1",
      "timestamp": "2025-06-01T23:46:40",
      "hours_since_injury": 18.7,
      "from_facility": "Role1",
      "to_facility": "Role2",
      "transit_duration_hours": 4.3,
      "triage_category": "T2"
    },
    {
      "event_type": "arrival",
      "facility": "Role2",
      "timestamp": "2025-06-02T04:04:40",
      "hours_since_injury": 23.0
    },
    {
      "event_type": "evacuation_start",
      "facility": "Role2",
      "timestamp": "2025-06-02T04:04:40",
      "hours_since_injury": 23.0,
      "evacuation_duration_hours": 8.4,
      "triage_category": "T2"
    },
    {
      "event_type": "rtd",
      "facility": "Role2",
      "timestamp": "2025-06-02T06:52:50.773465",
      "hours_since_injury": 25.8,
      "rtd_timing": "during_evacuation",
      "evacuation_hours_completed": 2.8
    }
  ],
  "injury_time": "2025-06-01T05:04:40",
  "scenario": "drone",
  "event_id": "IND_drone_0_5_4_dadc789f",
  "day": "Day 1"
},
{
  "id": 1,
  "nationality": "POL",
  "gender": "female",
  "injury_type": "BATTLE_TRAUMA",
  "triage": "T1",
  "status": "POI",
  "front": "Poland",
  "demographics": {
    "family_name": "Jankowski",
    "given_name": "Irena",
    "gender": "female",
    "birthdate": "1976-03-02",
    "nationality": "POL",
    "religion": "1051",
    "weight": 67.2,
    "blood_type": "AB"
  },
  "conditions": [
    {
      "code": "125689001",
      "name": "Shrapnel injury"
    }
  ],
  "severity": 8,
  "treatments": [
    {
      "facility": "POI",
      "date": "2025-06-01T08:06:26",
      "treatments": [],
      "observations": []
    },
    {
      "facility": "POI",
      "date": "2025-06-01T08:06:26",
      "treatments": [],
      "observations": [
        {
          "code": "8310-5",
          "display": "Body temperature",
          "value": 36.5,
          "unit": "Cel"
        },
        {
          "code": "8867-4",
          "display": "Heart rate",
          "value": 80,
          "unit": "/min"
        }
      ]
    }
  ],
  "timeline": [
    {
      "event_type": "arrival",
      "facility": "POI",
      "timestamp": "2025-06-01T08:06:26",
      "hours_since_injury": 0.0
    },
    {
      "event_type": "arrival",
      "facility": "POI",
      "timestamp": "2025-06-01T08:06:26",
      "hours_since_injury": 0.0
    },
    {
      "event_type": "evacuation_start",
      "facility": "POI",
      "timestamp": "2025-06-01T08:06:26",
      "hours_since_injury": 0.0,
      "evacuation_duration_hours": 6.2,
      "triage_category": "T2"
    },
    {
      "event_type": "kia",
      "facility": "POI",
      "timestamp": "2025-06-01T08:54:36.864841",
      "hours_since_injury": 0.8,
      "kia_timing": "during_evacuation",
      "evacuation_hours_completed": 0.8
    }
  ],
  "injury_time": "2025-06-01T08:06:26",
  "scenario": "drone",
  "event_id": "IND_drone_0_8_6_fdefd011",
  "day": "Day 1"
},
{
  "id": 2,
  "nationality": "POL",
  "gender": "male",
  "injury_type": "BATTLE_TRAUMA",
  "triage": "T2",
  "status": "Role4",
  "front": "Poland",
  "demographics": {
    "family_name": "Szyma\u0144ski",
    "given_name": "Marcin",
    "gender": "male",
    "birthdate": "1980-02-15",
    "nationality": "POL",
    "religion": "1068",
    "weight": 106.2,
    "blood_type": "AB"
  },
  "conditions": [
    {
      "code": "2055003",
      "name": "Laceration of hand"
    }
  ],
  "severity": 4,
  "treatments": [
    {
      "facility": "POI",
      "date": "2025-06-02T15:00:00",
      "treatments": [],
      "observations": []
    },
    {
      "facility": "POI",
      "date": "2025-06-02T15:00:00",
      "treatments": [],
      "observations": [
        {
          "code": "8310-5",
          "display": "Body temperature",
          "value": 37.6,
          "unit": "Cel"
        },
        {
          "code": "8867-4",
          "display": "Heart rate",
          "value": 49,
          "unit": "/min"
        }
      ]
    },
    {
      "facility": "Role1",
      "date": "2025-06-03T02:00:00",
      "treatments": [
        {
          "code": "225343006",
          "display": "Medication admin"
        }
      ],
      "observations": [
        {
          "code": "8310-5",
          "display": "Body temperature",
          "value": 37.2,
          "unit": "Cel"
        },
        {
          "code": "8867-4",
          "display": "Heart rate",
          "value": 71,
          "unit": "/min"
        }
      ]
    },
    {
      "facility": "Role2",
      "date": "2025-06-03T17:36:00",
      "treatments": [
        {
          "code": "385968004",
          "display": "Fluid management"
        }
      ],
      "observations": [
        {
          "code": "8310-5",
          "display": "Body temperature",
          "value": 38.1,
          "unit": "Cel"
        },
        {
          "code": "8867-4",
          "display": "Heart rate",
          "value": 79,
          "unit": "/min"
        }
      ]
    },
    {
      "facility": "Role3",
      "date": "2025-06-04T06:36:00",
      "treatments": [
        {
          "code": "225352004",
          "display": "Intensive care"
        }
      ],
      "observations": [
        {
          "code": "8310-5",
          "display": "Body temperature",
          "value": 36.8,
          "unit": "Cel"
        },
        {
          "code": "8867-4",
          "display": "Heart rate",
          "value": 81,
          "unit": "/min"
        }
      ]
    },
    {
      "facility": "Role4",
      "date": "2025-06-04T17:06:00",
      "treatments": [
        {
          "code": "225352004",
          "display": "Intensive care"
        }
      ],
      "observations": [
        {
          "code": "8310-5",
          "display": "Body temperature",
          "value": 37.0,
          "unit": "Cel"
        },
        {
          "code": "8867-4",
          "display": "Heart rate",
          "value": 66,
          "unit": "/min"
        }
      ]
    }
  ],
  "timeline": [
    {
      "event_type": "arrival",
      "facility": "POI",
      "timestamp": "2025-06-02T15:00:00",
      "hours_since_injury": 0.0
    },
    {
      "event_type": "arrival",
      "facility": "POI",
      "timestamp": "2025-06-02T15:00:00",
      "hours_since_injury": 0.0
    },
    {
      "event_type": "evacuation_start",
      "facility": "POI",
      "timestamp": "2025-06-02T15:00:00",
      "hours_since_injury": 0.0,
      "evacuation_duration_hours": 8.3,
      "triage_category": "T2"
    },
    {
      "event_type": "transit_start",
      "facility": "POI",
      "timestamp": "2025-06-02T23:18:00",
      "hours_since_injury": 8.3,
      "from_facility": "POI",
      "to_facility": "Role1",
      "transit_duration_hours": 2.7,
      "triage_category": "T2"
    },
    {
      "event_type": "arrival",
      "facility": "Role1",
      "timestamp": "2025-06-03T02:00:00",
      "hours_since_injury": 11.0
    },
    {
      "event_type": "evacuation_start",
      "facility": "Role1",
      "timestamp": "2025-06-03T02:00:00",
      "hours_since_injury": 11.0,
      "evacuation_duration_hours": 8.5,
      "triage_category": "T2"
    },
    {
      "event_type": "transit_start",
      "facility": "Role1",
      "timestamp": "2025-06-03T10:30:00",
      "hours_since_injury": 19.5,
      "from_facility": "Role1",
      "to_facility": "Role2",
      "transit_duration_hours": 7.1,
      "triage_category": "T2"
    },
    {
      "event_type": "arrival",
      "facility": "Role2",
      "timestamp": "2025-06-03T17:36:00",
      "hours_since_injury": 26.6
    },
    {
      "event_type": "evacuation_start",
      "facility": "Role2",
      "timestamp": "2025-06-03T17:36:00",
      "hours_since_injury": 26.6,
      "evacuation_duration_hours": 8.8,
      "triage_category": "T2"
    },
    {
      "event_type": "transit_start",
      "facility": "Role2",
      "timestamp": "2025-06-04T02:24:00",
      "hours_since_injury": 35.4,
      "from_facility": "Role2",
      "to_facility": "Role3",
      "transit_duration_hours": 4.2,
      "triage_category": "T2"
    },
    {
      "event_type": "arrival",
      "facility": "Role3",
      "timestamp": "2025-06-04T06:36:00",
      "hours_since_injury": 39.6
    },
    {
      "event_type": "evacuation_start",
      "facility": "Role3",
      "timestamp": "2025-06-04T06:36:00",
      "hours_since_injury": 39.6,
      "evacuation_duration_hours": 6.6,
      "triage_category": "T2"
    },
    {
      "event_type": "transit_start",
      "facility": "Role3",
      "timestamp": "2025-06-04T13:12:00",
      "hours_since_injury": 46.2,
      "from_facility": "Role3",
      "to_facility": "Role4",
      "transit_duration_hours": 3.9,
      "triage_category": "T2"
    },
    {
      "event_type": "arrival",
      "facility": "Role4",
      "timestamp": "2025-06-04T17:06:00",
      "hours_since_injury": 50.1
    },
    {
      "event_type": "evacuation_start",
      "facility": "Role4",
      "timestamp": "2025-06-04T17:06:00",
      "hours_since_injury": 50.1,
      "evacuation_duration_hours": 77.3,
      "triage_category": "T2"
    },
    {
      "event_type": "rtd",
      "facility": "Role4",
      "timestamp": "2025-06-07T22:24:00",
      "hours_since_injury": 127.4,
      "rtd_timing": "auto_role4",
      "evacuation_hours_completed": 77.3
    }
  ],
  "injury_time": "2025-06-02T15:00:00",
  "scenario": "mixed",
  "event_id": "SE_mass_casualty_2_15_b397db4a",
  "mass_casualty": true,
  "day": "Day 2"
},
{
  "id": 3,
  "nationality": "EST",
  "gender": "female",
  "injury_type": "BATTLE_TRAUMA",
  "triage": "T2",
  "status": "Role4",
  "front": "Estonia",
  "demographics": {
    "family_name": "P\u00e4rn",
    "given_name": "Sirje",
    "gender": "female",
    "birthdate": "2005-02-25",
    "nationality": "EST",
    "weight": 75.6,
    "blood_type": "AB"
  },
  "conditions": [
    {
      "code": "125596004",
      "name": "Injury by explosive"
    }
  ],
  "severity": 6,
  "treatments": [
    {
      "facility": "POI",
      "date": "2025-06-02T15:58:51",
      "treatments": [],
      "observations": []
    },
    {
      "facility": "POI",
      "date": "2025-06-02T15:58:51",
      "treatments": [],
      "observations": [
        {
          "code": "8310-5",
          "display": "Body temperature",
          "value": 38.9,
          "unit": "Cel"
        },
        {
          "code": "8867-4",
          "display": "Heart rate",
          "value": 102,
          "unit": "/min"
        }
      ]
    },
    {
      "facility": "Role1",
      "date": "2025-06-03T00:22:51",
      "treatments": [
        {
          "code": "225343006",
          "display": "Medication admin"
        }
      ],
      "observations": [
        {
          "code": "8310-5",
          "display": "Body temperature",
          "value": 36.7,
          "unit": "Cel"
        },
        {
          "code": "8867-4",
          "display": "Heart rate",
          "value": 87,
          "unit": "/min"
        }
      ]
    },
    {
      "facility": "Role2",
      "date": "2025-06-03T17:04:51",
      "treatments": [
        {
          "code": "385968004",
          "display": "Fluid management"
        }
      ],
      "observations": [
        {
          "code": "8310-5",
          "display": "Body temperature",
          "value": 38.2,
          "unit": "Cel"
        },
        {
          "code": "8867-4",
          "display": "Heart rate",
          "value": 51,
          "unit": "/min"
        }
      ]
    },
    {
      "facility": "Role3",
      "date": "2025-06-04T04:40:51",
      "treatments": [
        {
          "code": "225352004",
          "display": "Intensive care"
        }
      ],
      "observations": [
        {
          "code": "8310-5",
          "display": "Body temperature",
          "value": 35.0,
          "unit": "Cel"
        },
        {
          "code": "8867-4",
          "display": "Heart rate",
          "value": 74,
          "unit": "/min"
        }
      ]
    },
    {
      "facility": "Role4",
      "date": "2025-06-05T05:04:51",
      "treatments": [
        {
          "code": "225352004",
          "display": "Intensive care"
        }
      ],
      "observations": [
        {
          "code": "8310-5",
          "display": "Body temperature",
          "value": 36.9,
          "unit": "Cel"
        },
        {
          "code": "8867-4",
          "display": "Heart rate",
          "value": 34,
          "unit": "/min"
        }
      ]
    }
  ],
  "timeline": [
    {
      "event_type": "arrival",
      "facility": "POI",
      "timestamp": "2025-06-02T15:58:51",
      "hours_since_injury": 0.0
    },
    {
      "event_type": "arrival",
      "facility": "POI",
      "timestamp": "2025-06-02T15:58:51",
      "hours_since_injury": 0.0
    },
    {
      "event_type": "evacuation_start",
      "facility": "POI",
      "timestamp": "2025-06-02T15:58:51",
      "hours_since_injury": 0.0,
      "evacuation_duration_hours": 5.3,
      "triage_category": "T2"
    },
    {
      "event_type": "transit_start",
      "facility": "POI",
      "timestamp": "2025-06-02T21:16:51",
      "hours_since_injury": 5.3,
      "from_facility": "POI",
      "to_facility": "Role1",
      "transit_duration_hours": 3.1,
      "triage_category": "T2"
    },
    {
      "event_type": "arrival",
      "facility": "Role1",
      "timestamp": "2025-06-03T00:22:51",
      "hours_since_injury": 8.4
    },
    {
      "event_type": "evacuation_start",
      "facility": "Role1",
      "timestamp": "2025-06-03T00:22:51",
      "hours_since_injury": 8.4,
      "evacuation_duration_hours": 10.5,
      "triage_category": "T2"
    },
    {
      "event_type": "transit_start",
      "facility": "Role1",
      "timestamp": "2025-06-03T10:52:51",
      "hours_since_injury": 18.9,
      "from_facility": "Role1",
      "to_facility": "Role2",
      "transit_duration_hours": 6.2,
      "triage_category": "T2"
    },
    {
      "event_type": "arrival",
      "facility": "Role2",
      "timestamp": "2025-06-03T17:04:51",
      "hours_since_injury": 25.1
    },
    {
      "event_type": "evacuation_start",
      "facility": "Role2",
      "timestamp": "2025-06-03T17:04:51",
      "hours_since_injury": 25.1,
      "evacuation_duration_hours": 7.9,
      "triage_category": "T2"
    },
    {
      "event_type": "transit_start",
      "facility": "Role2",
      "timestamp": "2025-06-04T00:58:51",
      "hours_since_injury": 33.0,
      "from_facility": "Role2",
      "to_facility": "Role3",
      "transit_duration_hours": 3.7,
      "triage_category": "T2"
    },
    {
      "event_type": "arrival",
      "facility": "Role3",
      "timestamp": "2025-06-04T04:40:51",
      "hours_since_injury": 36.7
    },
    {
      "event_type": "evacuation_start",
      "facility": "Role3",
      "timestamp": "2025-06-04T04:40:51",
      "hours_since_injury": 36.7,
      "evacuation_duration_hours": 20.7,
      "triage_category": "T2"
    },
    {
      "event_type": "transit_start",
      "facility": "Role3",
      "timestamp": "2025-06-05T01:22:51",
      "hours_since_injury": 57.4,
      "from_facility": "Role3",
      "to_facility": "Role4",
      "transit_duration_hours": 3.7,
      "triage_category": "T2"
    },
    {
      "event_type": "arrival",
      "facility": "Role4",
      "timestamp": "2025-06-05T05:04:51",
      "hours_since_injury": 61.1
    },
    {
      "event_type": "evacuation_start",
      "facility": "Role4",
      "timestamp": "2025-06-05T05:04:51",
      "hours_since_injury": 61.1,
      "evacuation_duration_hours": 67.5,
      "triage_category": "T2"
    },
    {
      "event_type": "rtd",
      "facility": "Role4",
      "timestamp": "2025-06-08T00:34:51",
      "hours_since_injury": 128.6,
      "rtd_timing": "auto_role4",
      "evacuation_hours_completed": 67.5
    }
  ],
  "injury_time": "2025-06-02T15:58:51",
  "scenario": "drone",
  "event_id": "IND_drone_1_15_58_093bbef8",
  "day": "Day 2"
},
{
  "id": 4,
  "nationality": "LTU",
  "gender": "male",
  "injury_type": "BATTLE_TRAUMA",
  "triage": "T2",
  "status": "POI",
  "front": "Poland",
  "demographics": {
    "family_name": "Ivanovas",
    "given_name": "Nojus",
    "gender": "male",
    "birthdate": "2001-10-21",
    "nationality": "LTU",
    "religion": "1049",
    "weight": 65.8,
    "blood_type": "O"
  },
  "conditions": [
    {
      "code": "2055003",
      "name": "Laceration of hand"
    }
  ],
  "severity": 4,
  "treatments": [
    {
      "facility": "POI",
      "date": "2025-06-03T11:04:52",
      "treatments": [],
      "observations": []
    },
    {
      "facility": "POI",
      "date": "2025-06-03T11:04:52",
      "treatments": [],
      "observations": [
        {
          "code": "8310-5",
          "display": "Body temperature",
          "value": 37.9,
          "unit": "Cel"
        },
        {
          "code": "8867-4",
          "display": "Heart rate",
          "value": 73,
          "unit": "/min"
        }
      ]
    }
  ],
  "timeline": [
    {
      "event_type": "arrival",
      "facility": "POI",
      "timestamp": "2025-06-03T11:04:52",
      "hours_since_injury": 0.0
    },
    {
      "event_type": "arrival",
      "facility": "POI",
      "timestamp": "2025-06-03T11:04:52",
      "hours_since_injury": 0.0
    },
    {
      "event_type": "evacuation_start",
      "facility": "POI",
      "timestamp": "2025-06-03T11:04:52",
      "hours_since_injury": 0.0,
      "evacuation_duration_hours": 8.4,
      "triage_category": "T3"
    },
    {
      "event_type": "rtd",
      "facility": "POI",
      "timestamp": "2025-06-03T18:52:00.792184",
      "hours_since_injury": 7.8,
      "rtd_timing": "during_evacuation",
      "evacuation_hours_completed": 7.8
    }
  ],
  "injury_time": "2025-06-03T11:04:52",
  "scenario": "drone",
  "event_id": "IND_drone_2_11_4_0d37a023",
  "day": "Day 3"
},
{
  "id": 5,
  "nationality": "POL",
  "gender": "female",
  "injury_type": "BATTLE_TRAUMA",
  "triage": "T3",
  "status": "Role1",
  "front": "Poland",
  "demographics": {
    "family_name": "Kowalczyk",
    "given_name": "Agnieszka",
    "gender": "female",
    "birthdate": "2002-07-23",
    "nationality": "POL",
    "weight": 61.9,
    "blood_type": "B"
  },
  "conditions": [
    {
      "code": "125596004",
      "name": "Injury by explosive"
    }
  ],
  "severity": 2,
  "treatments": [
    {
      "facility": "POI",
      "date": "2025-06-03T11:50:37",
      "treatments": [],
      "observations": []
    },
    {
      "facility": "POI",
      "date": "2025-06-03T11:50:37",
      "treatments": [
        {
          "code": "182840001",
          "display": "First aid"
        }
      ],
      "observations": [
        {
          "code": "8310-5",
          "display": "Body temperature",
          "value": 37.7,
          "unit": "Cel"
        },
        {
          "code": "8867-4",
          "display": "Heart rate",
          "value": 91,
          "unit": "/min"
        }
      ]
    },
    {
      "facility": "Role1",
      "date": "2025-06-03T19:50:37",
      "treatments": [
        {
          "code": "225317000",
          "display": "Initial dressing"
        }
      ],
      "observations": [
        {
          "code": "8310-5",
          "display": "Body temperature",
          "value": 36.8,
          "unit": "Cel"
        },
        {
          "code": "8867-4",
          "display": "Heart rate",
          "value": 104,
          "unit": "/min"
        }
      ]
    }
  ],
  "timeline": [
    {
      "event_type": "arrival",
      "facility": "POI",
      "timestamp": "2025-06-03T11:50:37",
      "hours_since_injury": 0.0
    },
    {
      "event_type": "arrival",
      "facility": "POI",
      "timestamp": "2025-06-03T11:50:37",
      "hours_since_injury": 0.0
    },
    {
      "event_type": "evacuation_start",
      "facility": "POI",
      "timestamp": "2025-06-03T11:50:37",
      "hours_since_injury": 0.0,
      "evacuation_duration_hours": 6.0,
      "triage_category": "T1"
    },
    {
      "event_type": "transit_start",
      "facility": "POI",
      "timestamp": "2025-06-03T17:50:37",
      "hours_since_injury": 6.0,
      "from_facility": "POI",
      "to_facility": "Role1",
      "transit_duration_hours": 2.0,
      "triage_category": "T1"
    },
    {
      "event_type": "arrival",
      "facility": "Role1",
      "timestamp": "2025-06-03T19:50:37",
      "hours_since_injury": 8.0
    },
    {
      "event_type": "evacuation_start",
      "facility": "Role1",
      "timestamp": "2025-06-03T19:50:37",
      "hours_since_injury": 8.0,
      "evacuation_duration_hours": 9.7,
      "triage_category": "T1"
    },
    {
      "event_type": "kia",
      "facility": "Role1",
      "timestamp": "2025-06-04T01:26:56.932589",
      "hours_since_injury": 13.6,
      "kia_timing": "during_evacuation",
      "evacuation_hours_completed": 5.6
    }
  ],
  "injury_time": "2025-06-03T11:50:37",
  "scenario": "drone",
  "event_id": "IND_drone_2_11_50_f49ade4b",
  "day": "Day 3"
},
{
  "id": 6,
  "nationality": "LTU",
  "gender": "male",
  "injury_type": "BATTLE_TRAUMA",
  "triage": "T3",
  "status": "POI",
  "front": "Poland",
  "demographics": {
    "family_name": "\u017dilinskas",
    "given_name": "Gediminas",
    "gender": "male",
    "birthdate": "1989-03-09",
    "nationality": "LTU",
    "religion": "1013",
    "weight": 91.1,
    "blood_type": "B"
  },
  "conditions": [
    {
      "code": "19130008",
      "name": "Traumatic brain injury"
    }
  ],
  "severity": 2,
  "treatments": [
    {
      "facility": "POI",
      "date": "2025-06-04T07:10:31",
      "treatments": [],
      "observations": []
    },
    {
      "facility": "POI",
      "date": "2025-06-04T07:10:31",
      "treatments": [
        {
          "code": "182840001",
          "display": "First aid"
        }
      ],
      "observations": [
        {
          "code": "8310-5",
          "display": "Body temperature",
          "value": 37.5,
          "unit": "Cel"
        },
        {
          "code": "8867-4",
          "display": "Heart rate",
          "value": 40,
          "unit": "/min"
        }
      ]
    }
  ],
  "timeline": [
    {
      "event_type": "arrival",
      "facility": "POI",
      "timestamp": "2025-06-04T07:10:31",
      "hours_since_injury": 0.0
    },
    {
      "event_type": "arrival",
      "facility": "POI",
      "timestamp": "2025-06-04T07:10:31",
      "hours_since_injury": 0.0
    },
    {
      "event_type": "evacuation_start",
      "facility": "POI",
      "timestamp": "2025-06-04T07:10:31",
      "hours_since_injury": 0.0,
      "evacuation_duration_hours": 5.7,
      "triage_category": "T1"
    },
    {
      "event_type": "kia",
      "facility": "POI",
      "timestamp": "2025-06-04T11:05:21.533007",
      "hours_since_injury": 3.9,
      "kia_timing": "during_evacuation",
      "evacuation_hours_completed": 3.9
    }
  ],
  "injury_time": "2025-06-04T07:10:31",
  "scenario": "drone",
  "event_id": "IND_drone_3_7_10_3d0d67f4",
  "day": "Day 4"
},
{
  "id": 7,
  "nationality": "USA",
  "gender": "female",
  "injury_type": "BATTLE_TRAUMA",
  "triage": "T3",
  "status": "POI",
  "front": "Finland",
  "demographics": {
    "family_name": "White",
    "given_name": "Olivia",
    "gender": "female",
    "birthdate": "1980-04-28",
    "nationality": "USA",
    "religion": "1077",
    "weight": 51.7,
    "blood_type": "AB"
  },
  "conditions": [
    {
      "code": "7200002",
      "name": "Burn of skin"
    }
  ],
  "severity": 2,
  "treatments": [
    {
      "facility": "POI",
      "date": "2025-06-05T17:04:42",
      "treatments": [],
      "observations": []
    },
    {
      "facility": "POI",
      "date": "2025-06-05T17:04:42",
      "treatments": [
        {
          "code": "182840001",
          "display": "First aid"
        }
      ],
      "observations": [
        {
          "code": "8310-5",
          "display": "Body temperature",
          "value": 38.3,
          "unit": "Cel"
        },
        {
          "code": "8867-4",
          "display": "Heart rate",
          "value": 65,
          "unit": "/min"
        }
      ]
    }
  ],
  "timeline": [
    {
      "event_type": "arrival",
      "facility": "POI",
      "timestamp": "2025-06-05T17:04:42",
      "hours_since_injury": 0.0
    },
    {
      "event_type": "arrival",
      "facility": "POI",
      "timestamp": "2025-06-05T17:04:42",
      "hours_since_injury": 0.0
    },
    {
      "event_type": "evacuation_start",
      "facility": "POI",
      "timestamp": "2025-06-05T17:04:42",
      "hours_since_injury": 0.0,
      "evacuation_duration_hours": 4.4,
      "triage_category": "T1"
    },
    {
      "event_type": "kia",
      "facility": "POI",
      "timestamp": "2025-06-05T18:09:48.453778",
      "hours_since_injury": 1.1,
      "kia_timing": "during_evacuation",
      "evacuation_hours_completed": 1.1
    }
  ],
  "injury_time": "2025-06-05T17:04:42",
  "scenario": "drone",
  "event_id": "IND_drone_4_17_4_38ebe33c",
  "day": "Day 5"
},
{
  "id": 8,
  "nationality": "POL",
  "gender": "male",
  "injury_type": "BATTLE_TRAUMA",
  "triage": "T3",
  "status": "Role2",
  "front": "Poland",
  "demographics": {
    "family_name": "Mazur",
    "given_name": "Jerzy",
    "gender": "male",
    "birthdate": "1995-01-10",
    "nationality": "POL",
    "religion": "1013",
    "weight": 63.9,
    "blood_type": "O"
  },
  "conditions": [
    {
      "code": "284551006",
      "name": "Traumatic amputation of limb"
    }
  ],
  "severity": 2,
  "treatments": [
    {
      "facility": "POI",
      "date": "2025-06-06T09:00:00",
      "treatments": [],
      "observations": []
    },
    {
      "facility": "POI",
      "date": "2025-06-06T09:00:00",
      "treatments": [],
      "observations": [
        {
          "code": "8310-5",
          "display": "Body temperature",
          "value": 36.4,
          "unit": "Cel"
        },
        {
          "code": "8867-4",
          "display": "Heart rate",
          "value": 61,
          "unit": "/min"
        }
      ]
    },
    {
      "facility": "Role1",
      "date": "2025-06-06T20:24:00",
      "treatments": [
        {
          "code": "225343006",
          "display": "Medication admin"
        }
      ],
      "observations": [
        {
          "code": "8310-5",
          "display": "Body temperature",
          "value": 36.9,
          "unit": "Cel"
        },
        {
          "code": "8867-4",
          "display": "Heart rate",
          "value": 85,
          "unit": "/min"
        }
      ]
    },
    {
      "facility": "Role2",
      "date": "2025-06-07T15:18:00",
      "treatments": [
        {
          "code": "385968004",
          "display": "Fluid management"
        }
      ],
      "observations": [
        {
          "code": "8310-5",
          "display": "Body temperature",
          "value": 37.5,
          "unit": "Cel"
        },
        {
          "code": "8867-4",
          "display": "Heart rate",
          "value": 100,
          "unit": "/min"
        }
      ]
    }
  ],
  "timeline": [
    {
      "event_type": "arrival",
      "facility": "POI",
      "timestamp": "2025-06-06T09:00:00",
      "hours_since_injury": 0.0
    },
    {
      "event_type": "arrival",
      "facility": "POI",
      "timestamp": "2025-06-06T09:00:00",
      "hours_since_injury": 0.0
    },
    {
      "event_type": "evacuation_start",
      "facility": "POI",
      "timestamp": "2025-06-06T09:00:00",
      "hours_since_injury": 0.0,
      "evacuation_duration_hours": 8.1,
      "triage_category": "T3"
    },
    {
      "event_type": "transit_start",
      "facility": "POI",
      "timestamp": "2025-06-06T17:06:00",
      "hours_since_injury": 8.1,
      "from_facility": "POI",
      "to_facility": "Role1",
      "transit_duration_hours": 3.3,
      "triage_category": "T3"
    },
    {
      "event_type": "arrival",
      "facility": "Role1",
      "timestamp": "2025-06-06T20:24:00",
      "hours_since_injury": 11.4
    },
    {
      "event_type": "evacuation_start",
      "facility": "Role1",
      "timestamp": "2025-06-06T20:24:00",
      "hours_since_injury": 11.4,
      "evacuation_duration_hours": 12.8,
      "triage_category": "T3"
    },
    {
      "event_type": "transit_start",
      "facility": "Role1",
      "timestamp": "2025-06-07T09:12:00",
      "hours_since_injury": 24.2,
      "from_facility": "Role1",
      "to_facility": "Role2",
      "transit_duration_hours": 6.1,
      "triage_category": "T3"
    },
    {
      "event_type": "arrival",
      "facility": "Role2",
      "timestamp": "2025-06-07T15:18:00",
      "hours_since_injury": 30.3
    },
    {
      "event_type": "evacuation_start",
      "facility": "Role2",
      "timestamp": "2025-06-07T15:18:00",
      "hours_since_injury": 30.3,
      "evacuation_duration_hours": 11.5,
      "triage_category": "T3"
    },
    {
      "event_type": "rtd",
      "facility": "Role2",
      "timestamp": "2025-06-07T20:50:43.435260",
      "hours_since_injury": 35.8,
      "rtd_timing": "during_evacuation",
      "evacuation_hours_completed": 5.5
    }
  ],
  "injury_time": "2025-06-06T09:00:00",
  "scenario": "mixed",
  "event_id": "SE_mass_casualty_6_9_45087144",
  "mass_casualty": true,
  "day": "Day 6"
},
{
  "id": 9,
  "nationality": "EST",
  "gender": "female",
  "injury_type": "BATTLE_TRAUMA",
  "triage": "T3",
  "status": "Role4",
  "front": "Estonia",
  "demographics": {
    "family_name": "Rebane",
    "given_name": "Kristiina",
    "gender": "female",
    "birthdate": "1991-12-12",
    "nationality": "EST",
    "religion": "1068",
    "weight": 89.2,
    "blood_type": "O"
  },
  "conditions": [
    {
      "code": "125689001",
      "name": "Shrapnel injury"
    }
  ],
  "severity": 2,
  "treatments": [
    {
      "facility": "POI",
      "date": "2025-06-06T20:18:51",
      "treatments": [],
      "observations": []
    },
    {
      "facility": "POI",
      "date": "2025-06-06T20:18:51",
      "treatments": [],
      "observations": [
        {
          "code": "8310-5",
          "display": "Body temperature",
          "value": 36.7,
          "unit": "Cel"
        },
        {
          "code": "8867-4",
          "display": "Heart rate",
          "value": 66,
          "unit": "/min"
        }
      ]
    },
    {
      "facility": "Role1",
      "date": "2025-06-07T04:48:51",
      "treatments": [
        {
          "code": "225343006",
          "display": "Medication admin"
        }
      ],
      "observations": [
        {
          "code": "8310-5",
          "display": "Body temperature",
          "value": 37.1,
          "unit": "Cel"
        },
        {
          "code": "8867-4",
          "display": "Heart rate",
          "value": 72,
          "unit": "/min"
        }
      ]
    },
    {
      "facility": "Role2",
      "date": "2025-06-07T23:18:51",
      "treatments": [
        {
          "code": "385968004",
          "display": "Fluid management"
        }
      ],
      "observations": [
        {
          "code": "8310-5",
          "display": "Body temperature",
          "value": 37.3,
          "unit": "Cel"
        },
        {
          "code": "8867-4",
          "display": "Heart rate",
          "value": 81,
          "unit": "/min"
        }
      ]
    },
    {
      "facility": "Role3",
      "date": "2025-06-08T12:30:51",
      "treatments": [
        {
          "code": "225352004",
          "display": "Intensive care"
        }
      ],
      "observations": [
        {
          "code": "8310-5",
          "display": "Body temperature",
          "value": 38.6,
          "unit": "Cel"
        },
        {
          "code": "8867-4",
          "display": "Heart rate",
          "value": 55,
          "unit": "/min"
        }
      ]
    },
    {
      "facility": "Role4",
      "date": "2025-06-09T05:24:51",
      "treatments": [
        {
          "code": "225352004",
          "display": "Intensive care"
        }
      ],
      "observations": [
        {
          "code": "8310-5",
          "display": "Body temperature",
          "value": 37.5,
          "unit": "Cel"
        },
        {
          "code": "8867-4",
          "display": "Heart rate",
          "value": 98,
          "unit": "/min"
        }
      ]
    }
  ],
  "timeline": [
    {
      "event_type": "arrival",
      "facility": "POI",
      "timestamp": "2025-06-06T20:18:51",
      "hours_since_injury": 0.0
    },
    {
      "event_type": "arrival",
      "facility": "POI",
      "timestamp": "2025-06-06T20:18:51",
      "hours_since_injury": 0.0
    },
    {
      "event_type": "evacuation_start",
      "facility": "POI",
      "timestamp": "2025-06-06T20:18:51",
      "hours_since_injury": 0.0,
      "evacuation_duration_hours": 5.6,
      "triage_category": "T2"
    },
    {
      "event_type": "transit_start",
      "facility": "POI",
      "timestamp": "2025-06-07T01:54:51",
      "hours_since_injury": 5.6,
      "from_facility": "POI",
      "to_facility": "Role1",
      "transit_duration_hours": 2.9,
      "triage_category": "T2"
    },
    {
      "event_type": "arrival",
      "facility": "Role1",
      "timestamp": "2025-06-07T04:48:51",
      "hours_since_injury": 8.5
    },
    {
      "event_type": "evacuation_start",
      "facility": "Role1",
      "timestamp": "2025-06-07T04:48:51",
      "hours_since_injury": 8.5,
      "evacuation_duration_hours": 12.7,
      "triage_category": "T2"
    },
    {
      "event_type": "transit_start",
      "facility": "Role1",
      "timestamp": "2025-06-07T17:30:51",
      "hours_since_injury": 21.2,
      "from_facility": "Role1",
      "to_facility": "Role2",
      "transit_duration_hours": 5.8,
      "triage_category": "T2"
    },
    {
      "event_type": "arrival",
      "facility": "Role2",
      "timestamp": "2025-06-07T23:18:51",
      "hours_since_injury": 27.0
    },
    {
      "event_type": "evacuation_start",
      "facility": "Role2",
      "timestamp": "2025-06-07T23:18:51",
      "hours_since_injury": 27.0,
      "evacuation_duration_hours": 9.8,
      "triage_category": "T2"
    },
    {
      "event_type": "transit_start",
      "facility": "Role2",
      "timestamp": "2025-06-08T09:06:51",
      "hours_since_injury": 36.8,
      "from_facility": "Role2",
      "to_facility": "Role3",
      "transit_duration_hours": 3.4,
      "triage_category": "T2"
    },
    {
      "event_type": "arrival",
      "facility": "Role3",
      "timestamp": "2025-06-08T12:30:51",
      "hours_since_injury": 40.2
    },
    {
      "event_type": "evacuation_start",
      "facility": "Role3",
      "timestamp": "2025-06-08T12:30:51",
      "hours_since_injury": 40.2,
      "evacuation_duration_hours": 13.4,
      "triage_category": "T2"
    },
    {
      "event_type": "transit_start",
      "facility": "Role3",
      "timestamp": "2025-06-09T01:54:51",
      "hours_since_injury": 53.6,
      "from_facility": "Role3",
      "to_facility": "Role4",
      "transit_duration_hours": 3.5,
      "triage_category": "T2"
    },
    {
      "event_type": "arrival",
      "facility": "Role4",
      "timestamp": "2025-06-09T05:24:51",
      "hours_since_injury": 57.1
    },
    {
      "event_type": "evacuation_start",
      "facility": "Role4",
      "timestamp": "2025-06-09T05:24:51",
      "hours_since_injury": 57.1,
      "evacuation_duration_hours": 83.8,
      "triage_category": "T2"
    },
    {
      "event_type": "rtd",
      "facility": "Role4",
      "timestamp": "2025-06-12T17:12:51",
      "hours_since_injury": 140.9,
      "rtd_timing": "auto_role4",
      "evacuation_hours_completed": 83.8
    }
  ],
  "injury_time": "2025-06-06T20:18:51",
  "scenario": "drone",
  "event_id": "IND_drone_5_20_18_0c786314",
  "day": "Day 6"
},
{
  "id": 10,
  "nationality": "NLD",
  "gender": "male",
  "injury_type": "BATTLE_TRAUMA",
  "triage": "T1",
  "status": "POI",
  "front": "Poland",
  "demographics": {
    "family_name": "De Boer",
    "given_name": "Liam",
    "gender": "male",
    "birthdate": "1991-08-01",
    "nationality": "NLD",
    "religion": "1051",
    "weight": 66.2,
    "blood_type": "A"
  },
  "conditions": [
    {
      "code": "125670008",
      "name": "War injury"
    }
  ],
  "severity": 8,
  "treatments": [
    {
      "facility": "POI",
      "date": "2025-06-07T02:54:31",
      "treatments": [],
      "observations": []
    },
    {
      "facility": "POI",
      "date": "2025-06-07T02:54:31",
      "treatments": [
        {
          "code": "182840001",
          "display": "First aid"
        }
      ],
      "observations": [
        {
          "code": "8310-5",
          "display": "Body temperature",
          "value": 36.4,
          "unit": "Cel"
        },
        {
          "code": "8867-4",
          "display": "Heart rate",
          "value": 76,
          "unit": "/min"
        }
      ]
    }
  ],
  "timeline": [
    {
      "event_type": "arrival",
      "facility": "POI",
      "timestamp": "2025-06-07T02:54:31",
      "hours_since_injury": 0.0
    },
    {
      "event_type": "arrival",
      "facility": "POI",
      "timestamp": "2025-06-07T02:54:31",
      "hours_since_injury": 0.0
    },
    {
      "event_type": "evacuation_start",
      "facility": "POI",
      "timestamp": "2025-06-07T02:54:31",
      "hours_since_injury": 0.0,
      "evacuation_duration_hours": 4.8,
      "triage_category": "T1"
    },
    {
      "event_type": "kia",
      "facility": "POI",
      "timestamp": "2025-06-07T03:53:57.110411",
      "hours_since_injury": 1.0,
      "kia_timing": "during_evacuation",
      "evacuation_hours_completed": 1.0
    }
  ],
  "injury_time": "2025-06-07T02:54:31",
  "scenario": "drone",
  "event_id": "IND_drone_6_2_54_436c010e",
  "day": "Day 7"
},
{
  "id": 11,
  "nationality": "NLD",
  "gender": "female",
  "injury_type": "BATTLE_TRAUMA",
  "triage": "T1",
  "status": "Role3",
  "front": "Poland",
  "demographics": {
    "family_name": "Bos",
    "given_name": "Nora",
    "gender": "female",
    "birthdate": "1978-11-11",
    "nationality": "NLD",
    "religion": "1068",
    "weight": 54.4,
    "blood_type": "O"
  },
  "conditions": [
    {
      "code": "19130008",
      "name": "Traumatic brain injury"
    }
  ],
  "severity": 8,
  "treatments": [
    {
      "facility": "POI",
      "date": "2025-06-07T20:10:05",
      "treatments": [],
      "observations": []
    },
    {
      "facility": "POI",
      "date": "2025-06-07T20:10:05",
      "treatments": [
        {
          "code": "182840001",
          "display": "First aid"
        }
      ],
      "observations": [
        {
          "code": "8310-5",
          "display": "Body temperature",
          "value": 37.5,
          "unit": "Cel"
        },
        {
          "code": "8867-4",
          "display": "Heart rate",
          "value": 97,
          "unit": "/min"
        }
      ]
    },
    {
      "facility": "Role1",
      "date": "2025-06-08T10:16:05",
      "treatments": [
        {
          "code": "225317000",
          "display": "Initial dressing"
        }
      ],
      "observations": [
        {
          "code": "8310-5",
          "display": "Body temperature",
          "value": 37.1,
          "unit": "Cel"
        },
        {
          "code": "8867-4",
          "display": "Heart rate",
          "value": 79,
          "unit": "/min"
        }
      ]
    },
    {
      "facility": "Role2",
      "date": "2025-06-09T03:28:05",
      "treatments": [
        {
          "code": "387713003",
          "display": "Surgery"
        },
        {
          "code": "385968004",
          "display": "Fluid management"
        }
      ],
      "observations": [
        {
          "code": "8310-5",
          "display": "Body temperature",
          "value": 38.3,
          "unit": "Cel"
        },
        {
          "code": "8867-4",
          "display": "Heart rate",
          "value": 64,
          "unit": "/min"
        }
      ]
    },
    {
      "facility": "Role3",
      "date": "2025-06-09T17:10:05",
      "treatments": [
        {
          "code": "387713003",
          "display": "Major Surgery"
        },
        {
          "code": "225352004",
          "display": "Intensive care"
        }
      ],
      "observations": [
        {
          "code": "8310-5",
          "display": "Body temperature",
          "value": 37.8,
          "unit": "Cel"
        },
        {
          "code": "8867-4",
          "display": "Heart rate",
          "value": 77,
          "unit": "/min"
        }
      ]
    }
  ],
  "timeline": [
    {
      "event_type": "arrival",
      "facility": "POI",
      "timestamp": "2025-06-07T20:10:05",
      "hours_since_injury": 0.0
    },
    {
      "event_type": "arrival",
      "facility": "POI",
      "timestamp": "2025-06-07T20:10:05",
      "hours_since_injury": 0.0
    },
    {
      "event_type": "evacuation_start",
      "facility": "POI",
      "timestamp": "2025-06-07T20:10:05",
      "hours_since_injury": 0.0,
      "evacuation_duration_hours": 10.8,
      "triage_category": "T2"
    },
    {
      "event_type": "transit_start",
      "facility": "POI",
      "timestamp": "2025-06-08T06:58:05",
      "hours_since_injury": 10.8,
      "from_facility": "POI",
      "to_facility": "Role1",
      "transit_duration_hours": 3.3,
      "triage_category": "T2"
    },
    {
      "event_type": "arrival",
      "facility": "Role1",
      "timestamp": "2025-06-08T10:16:05",
      "hours_since_injury": 14.1
    },
    {
      "event_type": "evacuation_start",
      "facility": "Role1",
      "timestamp": "2025-06-08T10:16:05",
      "hours_since_injury": 14.1,
      "evacuation_duration_hours": 11.3,
      "triage_category": "T2"
    },
    {
      "event_type": "transit_start",
      "facility": "Role1",
      "timestamp": "2025-06-08T21:34:05",
      "hours_since_injury": 25.4,
      "from_facility": "Role1",
      "to_facility": "Role2",
      "transit_duration_hours": 5.9,
      "triage_category": "T2"
    },
    {
      "event_type": "arrival",
      "facility": "Role2",
      "timestamp": "2025-06-09T03:28:05",
      "hours_since_injury": 31.3
    },
    {
      "event_type": "evacuation_start",
      "facility": "Role2",
      "timestamp": "2025-06-09T03:28:05",
      "hours_since_injury": 31.3,
      "evacuation_duration_hours": 9.8,
      "triage_category": "T2"
    },
    {
      "event_type": "transit_start",
      "facility": "Role2",
      "timestamp": "2025-06-09T13:16:05",
      "hours_since_injury": 41.1,
      "from_facility": "Role2",
      "to_facility": "Role3",
      "transit_duration_hours": 3.9,
      "triage_category": "T2"
    },
    {
      "event_type": "arrival",
      "facility": "Role3",
      "timestamp": "2025-06-09T17:10:05",
      "hours_since_injury": 45.0
    },
    {
      "event_type": "evacuation_start",
      "facility": "Role3",
      "timestamp": "2025-06-09T17:10:05",
      "hours_since_injury": 45.0,
      "evacuation_duration_hours": 10.7,
      "triage_category": "T2"
    },
    {
      "event_type": "rtd",
      "facility": "Role3",
      "timestamp": "2025-06-09T19:01:49.792514",
      "hours_since_injury": 46.9,
      "rtd_timing": "during_evacuation",
      "evacuation_hours_completed": 1.9
    }
  ],
  "injury_time": "2025-06-07T20:10:05",
  "scenario": "drone",
  "event_id": "IND_drone_6_20_10_21f1ae0f",
  "day": "Day 7"
},
{
  "id": 12,
  "nationality": "GBR",
  "gender": "male",
  "injury_type": "BATTLE_TRAUMA",
  "triage": "T2",
  "status": "Role3",
  "front": "Estonia",
  "demographics": {
    "family_name": "Taylor",
    "given_name": "John",
    "gender": "male",
    "birthdate": "2001-05-16",
    "nationality": "GBR",
    "religion": "1068",
    "weight": 66.1,
    "blood_type": "AB"
  },
  "conditions": [
    {
      "code": "125596004",
      "name": "Injury by explosive"
    }
  ],
  "severity": 6,
  "treatments": [
    {
      "facility": "POI",
      "date": "2025-06-08T00:00:54",
      "treatments": [],
      "observations": []
    },
    {
      "facility": "POI",
      "date": "2025-06-08T00:00:54",
      "treatments": [],
      "observations": [
        {
          "code": "8310-5",
          "display": "Body temperature",
          "value": 36.8,
          "unit": "Cel"
        },
        {
          "code": "8867-4",
          "display": "Heart rate",
          "value": 69,
          "unit": "/min"
        }
      ]
    },
    {
      "facility": "Role1",
      "date": "2025-06-08T13:12:54",
      "treatments": [
        {
          "code": "225343006",
          "display": "Medication admin"
        }
      ],
      "observations": [
        {
          "code": "8310-5",
          "display": "Body temperature",
          "value": 38.5,
          "unit": "Cel"
        },
        {
          "code": "8867-4",
          "display": "Heart rate",
          "value": 73,
          "unit": "/min"
        }
      ]
    },
    {
      "facility": "Role2",
      "date": "2025-06-09T08:54:54",
      "treatments": [
        {
          "code": "385968004",
          "display": "Fluid management"
        }
      ],
      "observations": [
        {
          "code": "8310-5",
          "display": "Body temperature",
          "value": 38.4,
          "unit": "Cel"
        },
        {
          "code": "8867-4",
          "display": "Heart rate",
          "value": 65,
          "unit": "/min"
        }
      ]
    },
    {
      "facility": "Role3",
      "date": "2025-06-09T21:48:54",
      "treatments": [
        {
          "code": "225352004",
          "display": "Intensive care"
        }
      ],
      "observations": [
        {
          "code": "8310-5",
          "display": "Body temperature",
          "value": 37.1,
          "unit": "Cel"
        },
        {
          "code": "8867-4",
          "display": "Heart rate",
          "value": 82,
          "unit": "/min"
        }
      ]
    }
  ],
  "timeline": [
    {
      "event_type": "arrival",
      "facility": "POI",
      "timestamp": "2025-06-08T00:00:54",
      "hours_since_injury": 0.0
    },
    {
      "event_type": "arrival",
      "facility": "POI",
      "timestamp": "2025-06-08T00:00:54",
      "hours_since_injury": 0.0
    },
    {
      "event_type": "evacuation_start",
      "facility": "POI",
      "timestamp": "2025-06-08T00:00:54",
      "hours_since_injury": 0.0,
      "evacuation_duration_hours": 9.6,
      "triage_category": "T3"
    },
    {
      "event_type": "transit_start",
      "facility": "POI",
      "timestamp": "2025-06-08T09:36:54",
      "hours_since_injury": 9.6,
      "from_facility": "POI",
      "to_facility": "Role1",
      "transit_duration_hours": 3.6,
      "triage_category": "T3"
    },
    {
      "event_type": "arrival",
      "facility": "Role1",
      "timestamp": "2025-06-08T13:12:54",
      "hours_since_injury": 13.2
    },
    {
      "event_type": "evacuation_start",
      "facility": "Role1",
      "timestamp": "2025-06-08T13:12:54",
      "hours_since_injury": 13.2,
      "evacuation_duration_hours": 13.0,
      "triage_category": "T3"
    },
    {
      "event_type": "transit_start",
      "facility": "Role1",
      "timestamp": "2025-06-09T02:12:54",
      "hours_since_injury": 26.2,
      "from_facility": "Role1",
      "to_facility": "Role2",
      "transit_duration_hours": 6.7,
      "triage_category": "T3"
    },
    {
      "event_type": "arrival",
      "facility": "Role2",
      "timestamp": "2025-06-09T08:54:54",
      "hours_since_injury": 32.9
    },
    {
      "event_type": "evacuation_start",
      "facility": "Role2",
      "timestamp": "2025-06-09T08:54:54",
      "hours_since_injury": 32.9,
      "evacuation_duration_hours": 8.6,
      "triage_category": "T3"
    },
    {
      "event_type": "transit_start",
      "facility": "Role2",
      "timestamp": "2025-06-09T17:30:54",
      "hours_since_injury": 41.5,
      "from_facility": "Role2",
      "to_facility": "Role3",
      "transit_duration_hours": 4.3,
      "triage_category": "T3"
    },
    {
      "event_type": "arrival",
      "facility": "Role3",
      "timestamp": "2025-06-09T21:48:54",
      "hours_since_injury": 45.8
    },
    {
      "event_type": "evacuation_start",
      "facility": "Role3",
      "timestamp": "2025-06-09T21:48:54",
      "hours_since_injury": 45.8,
      "evacuation_duration_hours": 22.0,
      "triage_category": "T3"
    },
    {
      "event_type": "rtd",
      "facility": "Role3",
      "timestamp": "2025-06-10T02:24:56.822916",
      "hours_since_injury": 50.4,
      "rtd_timing": "during_evacuation",
      "evacuation_hours_completed": 4.6
    }
  ],
  "injury_time": "2025-06-08T00:00:54",
  "scenario": "drone",
  "event_id": "IND_drone_7_0_0_2ec88c4e",
  "day": "Day 8"
},
{
  "id": 13,
  "nationality": "LTU",
  "gender": "female",
  "injury_type": "BATTLE_TRAUMA",
  "triage": "T2",
  "status": "Role1",
  "front": "Poland",
  "demographics": {
    "family_name": "Paulauskas",
    "given_name": "Lukn\u0117",
    "gender": "female",
    "birthdate": "1982-10-08",
    "nationality": "LTU",
    "religion": "1026",
    "weight": 58.8,
    "blood_type": "AB"
  },
  "conditions": [
    {
      "code": "262574004",
      "name": "Bullet wound"
    }
  ],
  "severity": 6,
  "treatments": [
    {
      "facility": "POI",
      "date": "2025-06-08T00:00:54",
      "treatments": [],
      "observations": []
    },
    {
      "facility": "POI",
      "date": "2025-06-08T00:00:54",
      "treatments": [],
      "observations": [
        {
          "code": "8310-5",
          "display": "Body temperature",
          "value": 38.3,
          "unit": "Cel"
        },
        {
          "code": "8867-4",
          "display": "Heart rate",
          "value": 88,
          "unit": "/min"
        }
      ]
    },
    {
      "facility": "Role1",
      "date": "2025-06-08T12:18:54",
      "treatments": [
        {
          "code": "225343006",
          "display": "Medication admin"
        }
      ],
      "observations": [
        {
          "code": "8310-5",
          "display": "Body temperature",
          "value": 38.7,
          "unit": "Cel"
        },
        {
          "code": "8867-4",
          "display": "Heart rate",
          "value": 100,
          "unit": "/min"
        }
      ]
    }
  ],
  "timeline": [
    {
      "event_type": "arrival",
      "facility": "POI",
      "timestamp": "2025-06-08T00:00:54",
      "hours_since_injury": 0.0
    },
    {
      "event_type": "arrival",
      "facility": "POI",
      "timestamp": "2025-06-08T00:00:54",
      "hours_since_injury": 0.0
    },
    {
      "event_type": "evacuation_start",
      "facility": "POI",
      "timestamp": "2025-06-08T00:00:54",
      "hours_since_injury": 0.0,
      "evacuation_duration_hours": 8.6,
      "triage_category": "T3"
    },
    {
      "event_type": "transit_start",
      "facility": "POI",
      "timestamp": "2025-06-08T08:36:54",
      "hours_since_injury": 8.6,
      "from_facility": "POI",
      "to_facility": "Role1",
      "transit_duration_hours": 3.7,
      "triage_category": "T3"
    },
    {
      "event_type": "arrival",
      "facility": "Role1",
      "timestamp": "2025-06-08T12:18:54",
      "hours_since_injury": 12.3
    },
    {
      "event_type": "evacuation_start",
      "facility": "Role1",
      "timestamp": "2025-06-08T12:18:54",
      "hours_since_injury": 12.3,
      "evacuation_duration_hours": 14.8,
      "triage_category": "T3"
    },
    {
      "event_type": "rtd",
      "facility": "Role1",
      "timestamp": "2025-06-08T23:58:40.077053",
      "hours_since_injury": 24.0,
      "rtd_timing": "during_evacuation",
      "evacuation_hours_completed": 11.7
    }
  ],
  "injury_time": "2025-06-08T00:00:54",
  "scenario": "drone",
  "event_id": "IND_drone_7_0_0_2ec88c4e",
  "day": "Day 8"
},
{
  "id": 14,
  "nationality": "POL",
  "gender": "male",
  "injury_type": "BATTLE_TRAUMA",
  "triage": "T2",
  "status": "Role3",
  "front": "Poland",
  "demographics": {
    "family_name": "Kowalczyk",
    "given_name": "Jakub",
    "gender": "male",
    "birthdate": "1982-08-31",
    "nationality": "POL",
    "weight": 82.7,
    "blood_type": "O"
  },
  "conditions": [
    {
      "code": "19130008",
      "name": "Traumatic brain injury"
    }
  ],
  "severity": 6,
  "treatments": [
    {
      "facility": "POI",
      "date": "2025-06-08T00:00:54",
      "treatments": [],
      "observations": []
    },
    {
      "facility": "POI",
      "date": "2025-06-08T00:00:54",
      "treatments": [
        {
          "code": "182840001",
          "display": "First aid"
        }
      ],
      "observations": [
        {
          "code": "8310-5",
          "display": "Body temperature",
          "value": 34.7,
          "unit": "Cel"
        },
        {
          "code": "8867-4",
          "display": "Heart rate",
          "value": 83,
          "unit": "/min"
        }
      ]
    },
    {
      "facility": "Role1",
      "date": "2025-06-08T13:36:54",
      "treatments": [
        {
          "code": "225317000",
          "display": "Initial dressing"
        }
      ],
      "observations": [
        {
          "code": "8310-5",
          "display": "Body temperature",
          "value": 36.4,
          "unit": "Cel"
        },
        {
          "code": "8867-4",
          "display": "Heart rate",
          "value": 102,
          "unit": "/min"
        }
      ]
    },
    {
      "facility": "Role2",
      "date": "2025-06-09T07:00:54",
      "treatments": [
        {
          "code": "387713003",
          "display": "Surgery"
        },
        {
          "code": "385968004",
          "display": "Fluid management"
        }
      ],
      "observations": [
        {
          "code": "8310-5",
          "display": "Body temperature",
          "value": 37.6,
          "unit": "Cel"
        },
        {
          "code": "8867-4",
          "display": "Heart rate",
          "value": 77,
          "unit": "/min"
        }
      ]
    },
    {
      "facility": "Role3",
      "date": "2025-06-09T18:36:54",
      "treatments": [
        {
          "code": "225352004",
          "display": "Intensive care"
        }
      ],
      "observations": [
        {
          "code": "8310-5",
          "display": "Body temperature",
          "value": 36.9,
          "unit": "Cel"
        },
        {
          "code": "8867-4",
          "display": "Heart rate",
          "value": 61,
          "unit": "/min"
        }
      ]
    }
  ],
  "timeline": [
    {
      "event_type": "arrival",
      "facility": "POI",
      "timestamp": "2025-06-08T00:00:54",
      "hours_since_injury": 0.0
    },
    {
      "event_type": "arrival",
      "facility": "POI",
      "timestamp": "2025-06-08T00:00:54",
      "hours_since_injury": 0.0
    },
    {
      "event_type": "evacuation_start",
      "facility": "POI",
      "timestamp": "2025-06-08T00:00:54",
      "hours_since_injury": 0.0,
      "evacuation_duration_hours": 11.5,
      "triage_category": "T2"
    },
    {
      "event_type": "transit_start",
      "facility": "POI",
      "timestamp": "2025-06-08T11:30:54",
      "hours_since_injury": 11.5,
      "from_facility": "POI",
      "to_facility": "Role1",
      "transit_duration_hours": 2.1,
      "triage_category": "T2"
    },
    {
      "event_type": "arrival",
      "facility": "Role1",
      "timestamp": "2025-06-08T13:36:54",
      "hours_since_injury": 13.6
    },
    {
      "event_type": "evacuation_start",
      "facility": "Role1",
      "timestamp": "2025-06-08T13:36:54",
      "hours_since_injury": 13.6,
      "evacuation_duration_hours": 9.9,
      "triage_category": "T2"
    },
    {
      "event_type": "transit_start",
      "facility": "Role1",
      "timestamp": "2025-06-08T23:30:54",
      "hours_since_injury": 23.5,
      "from_facility": "Role1",
      "to_facility": "Role2",
      "transit_duration_hours": 7.5,
      "triage_category": "T2"
    },
    {
      "event_type": "arrival",
      "facility": "Role2",
      "timestamp": "2025-06-09T07:00:54",
      "hours_since_injury": 31.0
    },
    {
      "event_type": "evacuation_start",
      "facility": "Role2",
      "timestamp": "2025-06-09T07:00:54",
      "hours_since_injury": 31.0,
      "evacuation_duration_hours": 7.1,
      "triage_category": "T2"
    },
    {
      "event_type": "transit_start",
      "facility": "Role2",
      "timestamp": "2025-06-09T14:06:54",
      "hours_since_injury": 38.1,
      "from_facility": "Role2",
      "to_facility": "Role3",
      "transit_duration_hours": 4.5,
      "triage_category": "T2"
    },
    {
      "event_type": "arrival",
      "facility": "Role3",
      "timestamp": "2025-06-09T18:36:54",
      "hours_since_injury": 42.6
    },
    {
      "event_type": "evacuation_start",
      "facility": "Role3",
      "timestamp": "2025-06-09T18:36:54",
      "hours_since_injury": 42.6,
      "evacuation_duration_hours": 19.8,
      "triage_category": "T2"
    },
    {
      "event_type": "rtd",
      "facility": "Role3",
      "timestamp": "2025-06-10T07:42:28.142506",
      "hours_since_injury": 55.7,
      "rtd_timing": "during_evacuation",
      "evacuation_hours_completed": 13.1
    }
  ],
  "injury_time": "2025-06-08T00:00:54",
  "scenario": "drone",
  "event_id": "IND_drone_7_0_0_2ec88c4e",
  "day": "Day 8"
}
]